[
    {
      "orgIdfier": "scg",
      "addressIdfier": "scg_ADDR_1536816549437",
      "userId": 1,
      "defaultAddress": false,
      "fullName": "Santhosh",
      "phoneNo": "22224444",
      "city": "Kollam",
      "state": null,
      "country": null,
      "zipCode": "2222",
      "addressLine1": "Nirmalyam\nKK kunnil",
      "addressLine2": null
    },
    {
      "orgIdfier": "scg",
      "addressIdfier": "scg_ADDR_1536817781151",
      "userId": 1,
      "defaultAddress": true,
      "fullName": "Sam",
      "phoneNo": "222223233",
      "city": "Kollam",
      "state": null,
      "country": null,
      "zipCode": "4778",
      "addressLine1": "H1\nPnp",
      "addressLine2": null
    }
  ]