[
  {
    "name": "MR Direct Bathroom Sinks",
    "skuId": "130",
    "pricePerUnit": "12",
    "unit": "box",
    "image": "/static/images/product1.jpg",
    "price": 12.0,
    "orgIdfier": null,
    "userId": null,
    "supplierId": "1",
    "quantity": 1,
    "instalationRequired": false,
    "sampleItem": false
  },
  {
    "name": "CT2281A#BL Lever Handle Basin Mixer Faucet With Push Waste And Inlet H",
    "skuId": "100",
    "pricePerUnit": "14",
    "unit": "box",
    "image": "/static/images/product2.jpg",
    "price": 14.0,
    "orgIdfier": null,
    "userId": null,
    "supplierId": "1",
    "quantity": 1,
    "instalationRequired": false,
    "sampleItem": false
  },
  {
    "name": "Celebration Metal Ceiling Panels",
    "skuId": "120",
    "pricePerUnit": "15",
    "unit": "box",
    "image": "/static/images/product3.jpg",
    "price": 15.0,
    "orgIdfier": null,
    "userId": null,
    "supplierId": "1",
    "quantity": 1,
    "instalationRequired": false,
    "sampleItem": false
  },
  {
    "name": "Linear Metal False Ceiling",
    "skuId": "110",
    "pricePerUnit": "16",
    "unit": "box",
    "image": "/static/images/product4.jpg",
    "price": 16.0,
    "orgIdfier": null,
    "userId": null,
    "supplierId": "1",
    "quantity": 1,
    "instalationRequired": false,
    "sampleItem": false
  }
]