[
		{
			"skuId": 101,
			"sampleItem": true,
			"instalationRequired":true,
			"name": "Engineered Hardwood - Ranch Wide Plank Oak Collection",
			"image": "https://d18178273alp6b.cloudfront.net/production/bdsellerassets/engineered-hardwood-floors/jasper/images/jasper-engineered-hardwood---ranch-wide-plank-oak-collection/sku_10794_vert.jpg",
			"quantity":2,
			"unit": "box",
			"pricePerUnit": 24.000,
			"price":48.00 
		},
		{
			"skuId": 102,
			"sampleItem": false,
			"instalationRequired":true,
			"name": "Laminate - 8mm Equestrian Collection",
			"image": "https://d18178273alp6b.cloudfront.net/production/bdsellerassets/laminate-flooring/bellami/bellami-flooring---12mm-rustica-reclaimed-collection/berlin_closeup_3_5874275b54dfb_vert_250.jpg",
			"quantity":2,
			"unit": "box",
			"pricePerUnit": 10.000,
			"price":20.00 
		}
	
	]