{
	"featuresList": [
		{"type":"", "label":"Title", "field":"title_"}, 
		{"label" : "General Features",
			 "features":[{"type":"rating", "label":"Rating", "field":"rating_"},
						{"type":"", "label":"Dimension", "field":"dimension_"}, 
						{"type":"", "label":"Description", "field":"description_"}, 
						{"type":"", "label":"Color", "field":"color_"},
						{"type":"", "label":"Brand", "field":"Brand_"},						
						{"type":"", "label":"Material", "field":"Material_"}												
						]},
		{"label" : "Platform & Performance",
			"features":[{"type":"", "label":"Finish", "field":"Finish_"},
						{"type":"", "label":"Policy", "field":"Policy_"} ]}	
					],
	"featureData": { 
		 "101":{"name":"Adriatic Mist Polished Glass Pencil Liner", 
				"imgUrl":"https://d18178273alp6b.cloudfront.net/production/sellerportalassets/185060/product/ac2002a_59c9492c42acf_59c9492fe8583_250.jpeg", 
				"title_":"Title", 
				"dimension_":"1X1", 
				"description_":"Stained glass with iridescent blue", 
				"color_":"Ocean Blue", 
				"Brand_":"Cotto", 
				"rating_":4,
				"Material_":"Ceramic",
				"Finish_":"Stained",
				"Policy_":"Free Shipping"
				},
		 "102":{"name":"Laminate COASTAL Collection / 8mm - Coastal Blackbutt / 8 / AC3", 
				"imgUrl":"https://d18178273alp6b.cloudfront.net/production/bdsellerassets/laminate-flooring/bellami/bellami-flooring---12mm-rustica-reclaimed-collection/berlin_closeup_3_5874275b54dfb_vert_250.jpg", 
				"title_":"Title2", 
				"dimension_":"3x5", 
				"description_":"Stained glass with iridescent blue", 
				"color_":"Sky Blue", 
				"Brand_":"SCG", 
				"rating_":2,
				"Material_":"Ceramic",
				"Finish_":"Matte",
				"Policy_":"No Refund"
				}
	}
}