[
        {   "name":"Materials",
            "type":"multiselect",
            "value":"mt",
            "items":[
                {"label":"Natural Stone","code":"nStone","count":12},
                {"label":"Porcelain Stone","code":"pStone","count":12},
                {"label":"Glass","code":"glass","count":12},
                {"label":"Ceramic","code":"ceramic","count":12},
                {"label":"Marble","code":"marble","count":12},
                {"label":"Cement","code":"cement","count":12}
            ]
        },
        {   "name":"Tile Design",
            "type":"multiselect",
            "value":"td",
            "items":[
                {"label":"Mosaic","code":"mosaic","count":12},
                {"label":"Stone Look","code":"stoneLook","count":12},
                {"label":"Patterned","code":"patterned","count":12},
                {"label":"Wood Look","code":"woodLook","count":12},
                {"label":"Metal Look","code":"metalLook","count":12}
            ]
        },
        {   "name":"Price",
            "type":"price",
            "value":"price",
            "min":100,
            "max":1000
        },
        {   "name":"Color",
            "type":"color",
            "value":"col",
            "items":[
                {"label":"Red","code":"read","colorCode":"red","count":12},
                {"label":"Green","code":"green","colorCode":"green","count":12},
                {"label":"Blue","code":"blue","colorCode":"blue","count":12},
                {"label":"Black","code":"black","colorCode":"#000000","count":12},
                {"label":"Gray","code":"gray","colorCode":"#808080","count":12}
            ]
        }
]