{
	"cartItems": [
	  {
		"orgIdfier": "scg",
		"userId": 1,
		"skuId": "100",
		"supplierId": "1",
		"quantity": 1,
		"instalationRequired": false,
		"sampleItem": false
	  },
	  {
		"orgIdfier": "scg",
		"userId": 1,
		"skuId": "110",
		"supplierId": "1",
		"quantity": 1,
		"instalationRequired": false,
		"sampleItem": false
	  },
	  {
		"orgIdfier": "scg",
		"userId": 1,
		"skuId": "120",
		"supplierId": "1",
		"quantity": 2,
		"instalationRequired": false,
		"sampleItem": false
	  },
	  {
		"orgIdfier": "scg",
		"userId": 1,
		"skuId": "130",
		"supplierId": "1",
		"quantity": 1,
		"instalationRequired": false,
		"sampleItem": false
	  }
	],
	"cartData": [
	  {
		"name": "MR Direct Bathroom Sinks",
		"skuId": "120",
		"pricePerUnit": "12",
		"unit": "box",
		"image": "/static/images/product1.jpg",
		"price": 24.0,
		"orgIdfier": "scg",
		"userId": 1,
		"supplierId": "1",
		"quantity": 2,
		"instalationRequired": false,
		"sampleItem": false
	  },
	  {
		"name": "CT2281A#BL Lever Handle Basin Mixer Faucet With Push Waste And Inlet H",
		"skuId": "100",
		"pricePerUnit": "14",
		"unit": "box",
		"image": "/static/images/product2.jpg",
		"price": 14.0,
		"orgIdfier": "scg",
		"userId": 1,
		"supplierId": "1",
		"quantity": 1,
		"instalationRequired": false,
		"sampleItem": false
	  },
	  {
		"name": "Celebration Metal Ceiling Panels",
		"skuId": "130",
		"pricePerUnit": "15",
		"unit": "box",
		"image": "/static/images/product3.jpg",
		"price": 15.0,
		"orgIdfier": "scg",
		"userId": 1,
		"supplierId": "1",
		"quantity": 1,
		"instalationRequired": false,
		"sampleItem": false
	  },
	  {
		"name": "Linear Metal False Ceiling",
		"skuId": "110",
		"pricePerUnit": "16",
		"unit": "box",
		"image": "/static/images/product4.jpg",
		"price": 16.0,
		"orgIdfier": "scg",
		"userId": 1,
		"supplierId": "1",
		"quantity": 1,
		"instalationRequired": false,
		"sampleItem": false
	  }
	],
	"orgIdfier": "scg",
	"lang": "en",
	"userId": 1
  }