[
    {
        "type":"category",
        "name":"Departments",
        "field":"ctg",
        "items":[
                  {
                    "code": "6743",
                    "name": "Flooring",
                    "items": [
                      {
                        "code": "6769",
                        "name": "Wood Flooring",
                        "items": [
                          {
                            "code": "6951",
                            "name": "Laminate Flooring",
                            "items": [
                              
                            ]
                          },
                          {
                            "code": "6950",
                            "name": "Hardwood Flooring",
                            "items": [
                              
                            ]
                          },
                          {
                            "code": "8804",
                            "name": "Engineered Hardwood Floors",
                            "items": [
                              
                            ]
                          },
                          {
                            "code": "8749",
                            "name": "Bamboo Flooring",
                            "items": [
                              
                            ]
                          },
                          {
                            "code": "9089",
                            "name": "Cork Flooring",
                            "items": [
                              
                            ]
                          }
                        ]
                      },
                      {
                        "code": "6836",
                        "name": "Tile Flooring",
                        "items": [
                          {
                            "code": "6933",
                            "name": "Ceramic & Porcelain Tile",
                            "items": [
                              
                            ]
                          },
                          {
                            "code": "7246",
                            "name": "Travertine Tile",
                            "items": [
                              
                            ]
                          },
                          {
                            "code": "6945",
                            "name": "Marble Tile",
                            "items": [
                              
                            ]
                          },
                          {
                            "code": "6946",
                            "name": "Granite Tile",
                            "items": [
                              
                            ]
                          },
                          {
                            "code": "6947",
                            "name": "Slate Tile",
                            "items": [
                              
                            ]
                          },
                          {
                            "code": "7243",
                            "name": "Limestone Tile",
                            "items": [
                              
                            ]
                          },
                          {
                            "code": "59660",
                            "name": "Sandstone Tile",
                            "items": [
                              
                            ]
                          }
                        ]
                      },
                      {
                        "code": "6766",
                        "name": "Vinyl Flooring",
                        "items": [
                          
                        ]
                      },
                      {
                        "code": "10671",
                        "name": "Specialty Flooring",
                        "items": [
                          
                        ]
                      },
                      {
                        "code": "10118",
                        "name": "Accessories",
                        "items": [
                          {
                            "code": "10572",
                            "name": "Adhesives",
                            "items": [
                              
                            ]
                          },
                          {
                            "code": "10573",
                            "name": "Floor Care Products",
                            "items": [
                              
                            ]
                          },
                          {
                            "code": "10574",
                            "name": "Floor Heating",
                            "items": [
                              
                            ]
                          },
                          {
                            "code": "10575",
                            "name": "Underlay",
                            "items": [
                              
                            ]
                          },
                          {
                            "code": "10576",
                            "name": "Grout & Mortar",
                            "items": [
                              
                            ]
                          },
                          {
                            "code": "53186",
                            "name": "Floor Moldings",
                            "items": [
                              
                            ]
                          }
                        ]
                      },
                      {
                        "code": "10141",
                        "name": "Carpet Tiles",
                        "items": [
                          
                        ]
                      }
                    ]
                  },
                  {
                    "code": "9021",
                    "name": "Decking",
                    "items": [
                      {
                        "code": "9642",
                        "name": "Composite Decking",
                        "items": [
                          
                        ]
                      },
                      {
                        "code": "9644",
                        "name": "Wood Decking",
                        "items": [
                          
                        ]
                      },
                      {
                        "code": "9645",
                        "name": "Deck Tiles",
                        "items": [
                          
                        ]
                      },
                      {
                        "code": "9646",
                        "name": "Deck Railings",
                        "items": [
                          
                        ]
                      },
                      {
                        "code": "11091",
                        "name": "Deck Accessories",
                        "items": [
                          
                        ]
                      }
                    ]
                  },
                  {
                    "code": "6751",
                    "name": "Building Materials",
                    "items": [
                      {
                        "code": "10762",
                        "name": "Siding",
                        "items": [
                          {
                            "code": "7247",
                            "name": "Stone Veneer",
                            "items": [
                              
                            ]
                          },
                          {
                            "code": "10108",
                            "name": "Stone Siding",
                            "items": [
                              
                            ]
                          }
                        ]
                      },
                      {
                        "code": "11539",
                        "name": "Panel Products",
                        "items": [
                          {
                            "code": "11540",
                            "name": "Cabinet Plywood",
                            "items": [
                              
                            ]
                          },
                          {
                            "code": "10570",
                            "name": "Wall Paneling",
                            "items": [
                              
                            ]
                          }
                        ]
                      },
                      {
                        "code": "12918",
                        "name": "Moldings & Millwork",
                        "items": [
                          {
                            "code": "12919",
                            "name": "Ceiling Tiles",
                            "items": [
                              
                            ]
                          },
                          {
                            "code": "12921",
                            "name": "Ceiling Rings",
                            "items": [
                              
                            ]
                          },
                          {
                            "code": "12923",
                            "name": "Gable Vents",
                            "items": [
                              
                            ]
                          },
                          {
                            "code": "12925",
                            "name": "Corbels",
                            "items": [
                              
                            ]
                          },
                          {
                            "code": "12927",
                            "name": "Rosettes",
                            "items": [
                              
                            ]
                          },
                          {
                            "code": "13322",
                            "name": "Onlays",
                            "items": [
                              
                            ]
                          },
                          {
                            "code": "21474",
                            "name": "Ceiling Medallions",
                            "items": [
                              
                            ]
                          },
                          {
                            "code": "10564",
                            "name": "Floor Molding",
                            "items": [
                              
                            ]
                          },
                          {
                            "code": "10565",
                            "name": "Casing",
                            "items": [
                              
                            ]
                          },
                          {
                            "code": "10566",
                            "name": "Baseboards",
                            "items": [
                              
                            ]
                          },
                          {
                            "code": "10569",
                            "name": "Crown Molding",
                            "items": [
                              
                            ]
                          }
                        ]
                      },
                      {
                        "code": "48794",
                        "name": "Lumber",
                        "items": [
                          {
                            "code": "48795",
                            "name": "Dimensional Lumber",
                            "items": [
                              
                            ]
                          }
                        ]
                      }
                    ]
                  },
                  {
                    "code": "10964",
                    "name": "Outdoor",
                    "items": [
                      {
                        "code": "10965",
                        "name": "Patio & Outdoor Furniture",
                        "items": [
                          
                        ]
                      },
                      {
                        "code": "10966",
                        "name": "Outdoor Accessories",
                        "items": [
                          {
                            "code": "10983",
                            "name": "Heaters & Fireplaces",
                            "items": [
                              
                            ]
                          },
                          {
                            "code": "10985",
                            "name": "Shade & Cooling",
                            "items": [
                              
                            ]
                          },
                          {
                            "code": "10987",
                            "name": "Storage, Carts & Shelves",
                            "items": [
                              
                            ]
                          }
                        ]
                      },
                      {
                        "code": "6742",
                        "name": "Landscape",
                        "items": [
                          {
                            "code": "6825",
                            "name": "Pavers",
                            "items": [
                              
                            ]
                          },
                          {
                            "code": "6842",
                            "name": "Fences",
                            "items": [
                              
                            ]
                          },
                          {
                            "code": "11199",
                            "name": "Lawn & Garden",
                            "items": [
                              
                            ]
                          },
                          {
                            "code": "11225",
                            "name": "Sheds",
                            "items": [
                              
                            ]
                          }
                        ]
                      },
                      {
                        "code": "11374",
                        "name": "Hot Tubs",
                        "items": [
                          
                        ]
                      }
                    ]
                  },
                  {
                    "code": "37392",
                    "name": "Kitchen",
                    "items": [
                      {
                        "code": "10451",
                        "name": "Wall Tile & Mosaics",
                        "items": [
                          {
                            "code": "10454",
                            "name": "Glass Mosaic",
                            "items": [
                              
                            ]
                          },
                          {
                            "code": "10452",
                            "name": "Glass & Stone Blend",
                            "items": [
                              
                            ]
                          },
                          {
                            "code": "10456",
                            "name": "Natural Stone Mosaic",
                            "items": [
                              
                            ]
                          },
                          {
                            "code": "10455",
                            "name": "Ceramic & Porcelain",
                            "items": [
                              
                            ]
                          },
                          {
                            "code": "10453",
                            "name": "Metal Mosaic",
                            "items": [
                              
                            ]
                          },
                          {
                            "code": "10459",
                            "name": "Mosaics",
                            "items": [
                              
                            ]
                          },
                          {
                            "code": "11195",
                            "name": "Borders & Trims",
                            "items": [
                              
                            ]
                          }
                        ]
                      },
                      {
                        "code": "6794",
                        "name": "Countertops",
                        "items": [
                          {
                            "code": "11907",
                            "name": "Butcher Block",
                            "items": [
                              
                            ]
                          },
                          {
                            "code": "9020",
                            "name": "Granite Countertops",
                            "items": [
                              
                            ]
                          },
                          {
                            "code": "9678",
                            "name": "Quartz Slabs",
                            "items": [
                              
                            ]
                          }
                        ]
                      },
                      {
                        "code": "12738",
                        "name": "Kitchen Faucets",
                        "items": [
                          
                        ]
                      },
                      {
                        "code": "17805",
                        "name": "Kitchen Sinks",
                        "items": [
                          
                        ]
                      },
                      {
                        "code": "21479",
                        "name": "Kitchen Storage & Organization",
                        "items": [
                          {
                            "code": "21480",
                            "name": "Kitchen Cabinet Organization",
                            "items": [
                              
                            ]
                          }
                        ]
                      },
                      {
                        "code": "34879",
                        "name": "Kitchen Cabinets",
                        "items": [
                          
                        ]
                      },
                      {
                        "code": "35320",
                        "name": "Kitchen Accessories",
                        "items": [
                          
                        ]
                      }
                    ]
                  },
                  {
                    "code": "37393",
                    "name": "Bathroom",
                    "items": [
                      {
                        "code": "13972",
                        "name": "Bathroom Faucets",
                        "items": [
                          
                        ]
                      },
                      {
                        "code": "17806",
                        "name": "Bathroom Sinks",
                        "items": [
                          
                        ]
                      },
                      {
                        "code": "9633",
                        "name": "Vanities",
                        "items": [
                          
                        ]
                      },
                      {
                        "code": "13450",
                        "name": "Toilets & Bidets",
                        "items": [
                          {
                            "code": "13453",
                            "name": "Toilets",
                            "items": [
                              
                            ]
                          }
                        ]
                      },
                      {
                        "code": "17970",
                        "name": "Showers",
                        "items": [
                          {
                            "code": "17971",
                            "name": "Shower Enclosures",
                            "items": [
                              
                            ]
                          },
                          {
                            "code": "17973",
                            "name": "Shower Doors",
                            "items": [
                              
                            ]
                          },
                          {
                            "code": "25051",
                            "name": "Shower Pans",
                            "items": [
                              
                            ]
                          },
                          {
                            "code": "28473",
                            "name": "Shower Panels",
                            "items": [
                              
                            ]
                          }
                        ]
                      },
                      {
                        "code": "17981",
                        "name": "Bathtubs & Whirlpools",
                        "items": [
                          {
                            "code": "17982",
                            "name": "Bathtubs",
                            "items": [
                              
                            ]
                          }
                        ]
                      }
                    ]
                  },
                  {
                    "code": "11332",
                    "name": "Doors",
                    "items": [
                      {
                        "code": "11333",
                        "name": "Interior Doors",
                        "items": [
                          
                        ]
                      },
                      {
                        "code": "11335",
                        "name": "Exterior Doors",
                        "items": [
                          
                        ]
                      }
                    ]
                  },
                  {
                    "code": "12729",
                    "name": "Furniture",
                    "items": [
                      {
                        "code": "12730",
                        "name": "Living Room",
                        "items": [
                          
                        ]
                      },
                      {
                        "code": "12732",
                        "name": "Dining Room",
                        "items": [
                          
                        ]
                      },
                      {
                        "code": "13003",
                        "name": "Entertainment",
                        "items": [
                          
                        ]
                      },
                      {
                        "code": "13793",
                        "name": "Bedroom",
                        "items": [
                          
                        ]
                      },
                      {
                        "code": "13974",
                        "name": "Home Office",
                        "items": [
                          
                        ]
                      },
                      {
                        "code": "22004",
                        "name": "Mattresses & Frames",
                        "items": [
                          {
                            "code": "22005",
                            "name": "Mattresses",
                            "items": [
                              
                            ]
                          },
                          {
                            "code": "36797",
                            "name": "Bed Frames",
                            "items": [
                              
                            ]
                          }
                        ]
                      },
                      {
                        "code": "33171",
                        "name": "Bathroom Furniture",
                        "items": [
                          
                        ]
                      }
                    ]
                  },
                  {
                    "code": "12734",
                    "name": "Lighting",
                    "items": [
                      {
                        "code": "12735",
                        "name": "Ceiling Lighting",
                        "items": [
                          
                        ]
                      },
                      {
                        "code": "12916",
                        "name": "Light Bulbs",
                        "items": [
                          
                        ]
                      },
                      {
                        "code": "12949",
                        "name": "Lamps",
                        "items": [
                          
                        ]
                      },
                      {
                        "code": "12951",
                        "name": "Wall Lighting",
                        "items": [
                          
                        ]
                      },
                      {
                        "code": "33909",
                        "name": "Lighting Accessories",
                        "items": [
                          
                        ]
                      }
                    ]
                  },
                  {
                    "code": "13586",
                    "name": "Appliances",
                    "items": [
                      {
                        "code": "13587",
                        "name": "Dishwashers & Accessories",
                        "items": [
                          {
                            "code": "13588",
                            "name": "Dishwashers",
                            "items": [
                              
                            ]
                          }
                        ]
                      },
                      {
                        "code": "13592",
                        "name": "Washers & Dryers",
                        "items": [
                          {
                            "code": "13593",
                            "name": "Washers",
                            "items": [
                              
                            ]
                          },
                          {
                            "code": "13595",
                            "name": "Dryers",
                            "items": [
                              
                            ]
                          },
                          {
                            "code": "13597",
                            "name": "Washer & Dryer Combos",
                            "items": [
                              
                            ]
                          },
                          {
                            "code": "13599",
                            "name": "Washer & Dryer Accessories",
                            "items": [
                              
                            ]
                          }
                        ]
                      },
                      {
                        "code": "13601",
                        "name": "Refrigerators & Freezers",
                        "items": [
                          {
                            "code": "13602",
                            "name": "Refrigerators",
                            "items": [
                              
                            ]
                          },
                          {
                            "code": "13604",
                            "name": "Bar & Wine Fridges",
                            "items": [
                              
                            ]
                          }
                        ]
                      },
                      {
                        "code": "13617",
                        "name": "Ranges, Cooking & Ventilation",
                        "items": [
                          {
                            "code": "13618",
                            "name": "Ranges",
                            "items": [
                              
                            ]
                          },
                          {
                            "code": "13620",
                            "name": "Cooktops",
                            "items": [
                              
                            ]
                          },
                          {
                            "code": "13622",
                            "name": "Wall Ovens",
                            "items": [
                              
                            ]
                          },
                          {
                            "code": "13626",
                            "name": "Range Hoods",
                            "items": [
                              
                            ]
                          }
                        ]
                      },
                      {
                        "code": "13634",
                        "name": "Heating, Cooling & Air Quality",
                        "items": [
                          {
                            "code": "13635",
                            "name": "Heaters",
                            "items": [
                              
                            ]
                          },
                          {
                            "code": "13637",
                            "name": "Fans",
                            "items": [
                              
                            ]
                          },
                          {
                            "code": "13641",
                            "name": "Air Purifiers",
                            "items": [
                              
                            ]
                          }
                        ]
                      },
                      {
                        "code": "13649",
                        "name": "Vacuums & Accessories",
                        "items": [
                          {
                            "code": "13650",
                            "name": "Vacuums & Floor Care",
                            "items": [
                              
                            ]
                          },
                          {
                            "code": "13652",
                            "name": "Vacuum Parts & Floor Care Accessories",
                            "items": [
                              
                            ]
                          }
                        ]
                      },
                      {
                        "code": "27773",
                        "name": "Small Appliances",
                        "items": [
                          
                        ]
                      }
                    ]
                  },
                  {
                    "code": "14621",
                    "PrefixPageName": "Home-Décor",
                    "name": "Home Décor",
                    "Url": "/Home-Décor",
                    "items": [
                      {
                        "code": "14622",
                        "name": "Fireplaces & Mantels",
                        "items": [
                          {
                            "code": "14623",
                            "name": "Fireplaces",
                            "items": [
                              
                            ]
                          },
                          {
                            "code": "25616",
                            "name": "Fireplace Accessories",
                            "items": [
                              
                            ]
                          }
                        ]
                      },
                      {
                        "code": "14625",
                        "name": "Home Accents",
                        "items": [
                          {
                            "code": "14626",
                            "name": "Frames & Albums",
                            "items": [
                              
                            ]
                          },
                          {
                            "code": "14628",
                            "name": "Artwork",
                            "items": [
                              
                            ]
                          },
                          {
                            "code": "18815",
                            "name": "Accents",
                            "items": [
                              
                            ]
                          },
                          {
                            "code": "27771",
                            "name": "Pillows & Cushions",
                            "items": [
                              
                            ]
                          },
                          {
                            "code": "36798",
                            "name": "Room Dividers",
                            "items": [
                              
                            ]
                          }
                        ]
                      },
                      {
                        "code": "14630",
                        "name": "Mirrors",
                        "items": [
                          {
                            "code": "14631",
                            "name": "Wall Mirrors",
                            "items": [
                              
                            ]
                          },
                          {
                            "code": "15226",
                            "name": "Bathroom Mirrors",
                            "items": [
                              
                            ]
                          },
                          {
                            "code": "18817",
                            "name": "Decorative Mirrors",
                            "items": [
                              
                            ]
                          },
                          {
                            "code": "22002",
                            "name": "Standing Mirrors",
                            "items": [
                              
                            ]
                          }
                        ]
                      },
                      {
                        "code": "10023",
                        "name": "Carpet & Rugs",
                        "items": [
                          {
                            "code": "10024",
                            "name": "Area Rugs",
                            "items": [
                              
                            ]
                          }
                        ]
                      },
                      {
                        "code": "15091",
                        "name": "Wallpaper & Wall Treatments",
                        "items": [
                          {
                            "code": "15092",
                            "name": "Wallpaper & Borders",
                            "items": [
                              
                            ]
                          }
                        ]
                      },
                      {
                        "code": "15094",
                        "name": "Window Treatments",
                        "items": [
                          {
                            "code": "15095",
                            "name": "Window Headers",
                            "items": [
                              
                            ]
                          }
                        ]
                      },
                      {
                        "code": "37313",
                        "name": "Bedding & Bedskirts",
                        "items": [
                          
                        ]
                      }
                    ]
                  },
                  {
                    "code": "15097",
                    "name": "Storage & Organization",
                    "items": [
                      {
                        "code": "15098",
                        "name": "Cabinets & Stackable Cubes",
                        "items": [
                          {
                            "code": "15099",
                            "name": "Cabinets",
                            "items": [
                              
                            ]
                          }
                        ]
                      },
                      {
                        "code": "15101",
                        "name": "Closet Storage & Organization",
                        "items": [
                          {
                            "code": "15102",
                            "name": "Wood Closet Organizers",
                            "items": [
                              
                            ]
                          }
                        ]
                      },
                      {
                        "code": "15104",
                        "name": "Bookcases & Magazine Racks",
                        "items": [
                          
                        ]
                      },
                      {
                        "code": "18775",
                        "name": "Shelves & Hooks",
                        "items": [
                          {
                            "code": "18776",
                            "name": "Decorative Shelving Units",
                            "items": [
                              
                            ]
                          },
                          {
                            "code": "33175",
                            "name": "Wall Hooks",
                            "items": [
                              
                            ]
                          },
                          {
                            "code": "33500",
                            "name": "Shelves",
                            "items": [
                              
                            ]
                          }
                        ]
                      },
                      {
                        "code": "50336",
                        "name": "Cleaning Supplies",
                        "items": [
                          
                        ]
                      }
                    ]
                  },
                  {
                    "code": "20726",
                    "name": "Plumbing",
                    "items": [
                      {
                        "code": "20727",
                        "name": "Water Heaters",
                        "items": [
                          
                        ]
                      }
                    ]
                  },
                  {
                    "code": "25601",
                    "name": "Hardware",
                    "items": [
                      {
                        "code": "38197",
                        "name": "Door Handles & Locks",
                        "items": [
                          {
                            "code": "38198",
                            "name": "Deadbolts",
                            "items": [
                              
                            ]
                          },
                          {
                            "code": "38199",
                            "name": "Door Knobs",
                            "items": [
                              
                            ]
                          },
                          {
                            "code": "39722",
                            "name": "Door Levers",
                            "items": [
                              
                            ]
                          },
                          {
                            "code": "39723",
                            "name": "Front Door Handle Sets",
                            "items": [
                              
                            ]
                          }
                        ]
                      },
                      {
                        "code": "40385",
                        "name": "Door Hardware",
                        "items": [
                          
                        ]
                      },
                      {
                        "code": "41373",
                        "name": "Fasteners",
                        "items": [
                          {
                            "code": "41374",
                            "name": "Nails",
                            "items": [
                              
                            ]
                          },
                          {
                            "code": "41375",
                            "name": "Staples",
                            "items": [
                              
                            ]
                          }
                        ]
                      }
                    ]
                  },
                  {
                    "code": "32308",
                    "name": "Clean Energy",
                    "items": [
                      {
                        "code": "32309",
                        "name": "Generators",
                        "items": [
                          
                        ]
                      },
                      {
                        "code": "32311",
                        "name": "Clean Tech Parts & Components",
                        "items": [
                          {
                            "code": "32312",
                            "name": "Controllers",
                            "items": [
                              
                            ]
                          },
                          {
                            "code": "32314",
                            "name": "Converters",
                            "items": [
                              
                            ]
                          }
                        ]
                      },
                      {
                        "code": "32322",
                        "name": "On-Grid Systems",
                        "items": [
                          {
                            "code": "32323",
                            "name": "Grid Assisted Systems",
                            "items": [
                              
                            ]
                          }
                        ]
                      },
                      {
                        "code": "32327",
                        "name": "Inverters & Inverter Chargers",
                        "items": [
                          {
                            "code": "32328",
                            "name": "Inverter Chargers",
                            "items": [
                              
                            ]
                          },
                          {
                            "code": "32330",
                            "name": "Inverters",
                            "items": [
                              
                            ]
                          }
                        ]
                      },
                      {
                        "code": "32332",
                        "name": "Solar Panels",
                        "items": [
                          {
                            "code": "32333",
                            "name": "High Performance Panels",
                            "items": [
                              
                            ]
                          },
                          {
                            "code": "32335",
                            "name": "Light-Weight Panels",
                            "items": [
                              
                            ]
                          },
                          {
                            "code": "32337",
                            "name": "Traditional Panels",
                            "items": [
                              
                            ]
                          }
                        ]
                      },
                      {
                        "code": "32339",
                        "name": "Off-Grid Systems",
                        "items": [
                          {
                            "code": "32344",
                            "name": "Cabin Systems",
                            "items": [
                              
                            ]
                          },
                          {
                            "code": "42863",
                            "name": "Portable",
                            "items": [
                              
                            ]
                          }
                        ]
                      },
                      {
                        "code": "32350",
                        "name": "Batteries & Battery Banks",
                        "items": [
                          {
                            "code": "32351",
                            "name": "Batteries",
                            "items": [
                              
                            ]
                          }
                        ]
                      },
                      {
                        "code": "32359",
                        "name": "Solar Racking & Mounts",
                        "items": [
                          {
                            "code": "32900",
                            "name": "Mount Kits & Components",
                            "items": [
                              
                            ]
                          }
                        ]
                      }
                    ]
                  },
                  {
                    "code": "50320",
                    "name": "Tools",
                    "items": [
                      {
                        "code": "50321",
                        "name": "Hand Tools",
                        "items": [
                          {
                            "code": "50323",
                            "name": "Hammers & Sledges",
                            "items": [
                              
                            ]
                          },
                          {
                            "code": "50324",
                            "name": "Flooring Tools",
                            "items": [
                              
                            ]
                          },
                          {
                            "code": "50325",
                            "name": "Levels & Markings",
                            "items": [
                              
                            ]
                          }
                        ]
                      },
                      {
                        "code": "50326",
                        "name": "Power Tool Accessories",
                        "items": [
                          {
                            "code": "50327",
                            "name": "Drill Bits",
                            "items": [
                              
                            ]
                          },
                          {
                            "code": "50328",
                            "name": "Saw Blades",
                            "items": [
                              
                            ]
                          },
                          {
                            "code": "50329",
                            "name": "Grinding & Polishing Wheels",
                            "items": [
                              
                            ]
                          },
                          {
                            "code": "50330",
                            "name": "Misc Power Tool Accessories",
                            "items": [
                              
                            ]
                          }
                        ]
                      },
                      {
                        "code": "50331",
                        "name": "Power Tools",
                        "items": [
                          {
                            "code": "50332",
                            "name": "Saws",
                            "items": [
                              
                            ]
                          },
                          {
                            "code": "50333",
                            "name": "Rotary & Oscillating Tools",
                            "items": [
                              
                            ]
                          }
                        ]
                      },
                      {
                        "code": "57543",
                        "name": "Wet Dry Vacs & Pressure Washers",
                        "items": [
                          
                        ]
                      }
                    ]
                  }
                ]
    },
    {
       "type":"link",
       "url":"https://www.google.com/",
       "name":"Find Professionals"
    },
    {
       "type":"link",
       "url":"https://www.google.com/",
       "name":"Find A Store"
    },
    {
       "type":"link",
       "url":"https://www.google.com/",
       "name":"Track Delivery"
    },
    {
       "type":"link",
       "url":"https://www.scg.com/",
       "name":"Sell On SCG"
    }
]