{
    "defaultLocale": "en",
    "locales": [
      "en",
      "th"
    ],
    "sortbyFields": [
      {
        "field": "comparablePrice",
        "label": "Price -- High to Low",
        "order": "desc"
      },
      {
        "field": "comparablePrice",
        "label": "Price -- Low to High",
        "order": "asc"
      }
    ],
    "rating": {
      "min": 0,
      "max": 5
    },
    "queryFields": [
      "webname",
      "shortName",
      "descriptionText"
    ],
    "staticContentHost": "http://localhost:3000",
    "currency": "$",
    "currencyCode": "764",
    "paymentUrl": "https://demo2.2c2p.com/2C2PFrontEnd/SecurePayment/PaymentAuth.aspx",
    "paymentModes": [
      "card",
      "ibanking",
      "otc"
    ],
    "minImpressionsTime": "15000",
    "selectedLocale": "en",
    "translations": {
      "buyer.address.add_new_address": "+ Add New Address",
      "buyer.address.address": "Address ",
      "buyer.address.address_required": "Address is required.",
      "buyer.address.city": "City",
      "buyer.address.city_required": "City is required.",
      "buyer.address.default": "Default",
      "buyer.address.delete": "Delete",
      "buyer.address.deliver_here": "Deliver here",
      "buyer.address.make_default_address": "Make this my default address",
      "buyer.address.name": "Name",
      "buyer.address.name_required": "Name is required.",
      "buyer.address.phone": "Phone ",
      "buyer.address.phone_number": "Phone Number",
      "buyer.address.phone_required": "Phone Number is required.",
      "buyer.address.postal_code": "Postal Code",
      "buyer.address.postalcode_required": "Postal Code is required.",
      "buyer.address.set_as_default": "Set as Default",
      "buyer.address.ships_to": "Ships to",
      "buyer.cartbody.delete": "Delete",
      "buyer.cartbody.delivery_in_days": "Delivery in 6-7 Days.",
      "buyer.cartbody.description": "Description",
      "buyer.cartbody.min_order_qty": "(Minimum order quantity {0} {1})",
      "buyer.cartbody.move_to_wishlist": "Move to Wishlist",
      "buyer.cartbody.product": "Product",
      "buyer.cartbody.quantity": "Quantity",
      "buyer.cartbody.review_orders": "Review Orders",
      "buyer.cartbody.subtotal": "Subtotal",
      "buyer.cartlist.my_cart": "my cart",
      "buyer.cartlist.your_cart_is_empty": "Your Cart is empty.",
      "buyer.checkout.content_come_here": "content come here",
      "buyer.checkout.continue": "Continue",
      "buyer.checkout.delivered": "Delivered",
      "buyer.checkout.delivery_address": "Delivery Address",
      "buyer.checkout.edit": "Edit",
      "buyer.checkout.make_payment": "Make Payment",
      "buyer.checkout.order_paid_through_cc": "Order {0} paid through Credit Card",
      "buyer.checkout.order_placed": "Order Placed",
      "buyer.checkout.order_processing": "Your order has been placed and is being processed. When the item(s) are shipped, you will receive an email with the details. You can track this order through the",
      "buyer.checkout.order_shipped_msg": "Your complete order will be shipped by Jan 01, 2019",
      "buyer.checkout.packed": "Packed",
      "buyer.checkout.page": "page.",
      "buyer.checkout.review_orders": "Review Order",
      "buyer.checkout.shipped": "Shipped",
      "buyer.checkout.shipping_info": "Shipping Information",
      "buyer.checkout.signin_signup": "Sign In / Sign Up",
      "buyer.checkout.status": "Status",
      "buyer.checkout.thankyou_for_your_order": "Thank you for your order!",
      "buyer.checkout.track_delivery": "Track Delivery",
      "buyer.combarebtn.compare": "Compare",
      "buyer.filter.clearall": "Clear All",
      "buyer.filter.filters": "Filters",
      "buyer.footer.about_us": "About Us",
      "buyer.footer.blog": "Blog",
      "buyer.footer.careers": "Careers",
      "buyer.footer.connect_with_us": "Connect with Us",
      "buyer.footer.contact_us": "Contact Us",
      "buyer.footer.disclaimer": "Disclaimer",
      "buyer.footer.faq": "FAQ",
      "buyer.footer.goto_top": "Go to top",
      "buyer.footer.need_help": "Need Help?",
      "buyer.footer.office_address": "Office Address",
      "buyer.footer.our_policies": "Our Policies",
      "buyer.footer.press": "Press",
      "buyer.footer.privacy_policy": "Privacy Policy",
      "buyer.footer.shipping": "Shipping",
      "buyer.footer.team": "Team",
      "buyer.footer.terms_conditions": "Terms & Conditions",
      "buyer.footer.track_your_order": "Track Your Order",
      "buyer.header.login_signup": "Login & Signup",
      "buyer.header.logout": "Logout",
      "buyer.lang.en": "EN",
      "buyer.lang.th": "TH",
      "buyer.loading": "Loading ...",
      "buyer.login.agree": "I agree to the",
      "buyer.login.already_account": "Already have an account?",
      "buyer.login.confirm_password": "Confirm Password",
      "buyer.login.confirm_password_required": "Confirm Password is required.",
      "buyer.login.create_account": "Create Your Account",
      "buyer.login.email": "Email",
      "buyer.login.email_required": "Email is required.",
      "buyer.login.forgot_password": "Forgot Password?",
      "buyer.login.guest_checkout": "Checkout as Guest",
      "buyer.login.new_customer": "New Customer?",
      "buyer.login.password": "Password",
      "buyer.login.password_doesnot_match": "Password and password confirmation do not match.",
      "buyer.login.password_info": "Password must contain at least 3 of the following 4 types of characters : lower case letters (a-z), upper case letters (A-Z), numbers (i.e. 0-9), special characters",
      "buyer.login.password_length": "Password must be at least 8 characters in length.",
      "buyer.login.password_requrd": "Password is required.",
      "buyer.login.sign_in": "Sign in",
      "buyer.login.terms_and_conditions": "Terms & Conditions of use",
      "buyer.login.valid_email": "Please provide a valid email.",
      "buyer.messagebox.card": "Thank you for your payment. Your transaction has been completed.",
      "buyer.messagebox.empty_msg": "Empty Message",
      "buyer.messagebox.netbanking": "Thank You for your netbanking payment",
      "buyer.messagebox.otc": "Thank You for your otc payment",
      "buyer.orderconfirmation.awaiting_confirmation": "Your order has been placed and is awaiting payment. Once you have made the payment, you will receive the email with the details.",
      "buyer.orderconfirmation.awaiting_payment": "Order {0} awaiting payment through Bank or Payment Counter",
      "buyer.orderconfirmation.make_payment": "Please make your Payment with in the next 48hrs",
      "buyer.orderconfirmation.payment_reference": "Show payment reference number to bank or payment counter",
      "buyer.orderconfirmation.thankyou": "Thank you for your order!",
      "buyer.orders.order_summary": "OREDR SUMMARY",
      "buyer.orders.proceed_to_payment": "Proceed to Payment",
      "buyer.ordersummary.apply": "Apply",
      "buyer.ordersummary.choose_delivery": "(Choose your preferred delivery)",
      "buyer.ordersummary.continue_shopping": "Continue Shopping",
      "buyer.ordersummary.discount": "Discount",
      "buyer.ordersummary.discount_coupon": "Enter Discount Coupon Here",
      "buyer.ordersummary.economy_delivery": "Economy delivery normally ships in 4 days",
      "buyer.ordersummary.express_delivery": "1 Day Express Delivery",
      "buyer.ordersummary.final_amount": "Final Amount",
      "buyer.ordersummary.free": "Free",
      "buyer.ordersummary.order_summary": "Order Summary",
      "buyer.ordersummary.proceed_to_order": "Proceed to Order",
      "buyer.ordersummary.shipping_options": "Shipping Options",
      "buyer.ordersummary.shipping_total": "Shipping Total",
      "buyer.ordersummary.ships_to": "Ships to",
      "buyer.ordersummary.standard_delivery": "2-4 Days Standard Delivery",
      "buyer.ordersummary.sub_total": "Sub Total",
      "buyer.ordersummary.taxes": "Taxes",
      "buyer.ordersummary.total": "Total",
      "buyer.pagination.next": "Next",
      "buyer.pagination.previous": "Previous",
      "buyer.payment.add_card": "Add a new Card for the Payment",
      "buyer.payment.card_nbr": "Card Number",
      "buyer.payment.card_nbr_required": "Card Number is required.",
      "buyer.payment.card_not_valid": "Card Number is not valid.",
      "buyer.payment.choose_card": "Choose from your Saved Cards",
      "buyer.payment.credit_debit_card": "Credit/Debit Card",
      "buyer.payment.cvv_not_valid": "CVV is not valid.",
      "buyer.payment.cvv_requrd": "CVV is required.",
      "buyer.payment.ending_in": "ending in",
      "buyer.payment.enter_cvv": "Enter CVV",
      "buyer.payment.exp_date": "Expiry Date",
      "buyer.payment.exp_mnth_not_valid": "Expiry Month is not valid.",
      "buyer.payment.exp_mnth_requrd": "Expiry Month is required.",
      "buyer.payment.exp_yr_not_valid": "Expiry Year is not valid.",
      "buyer.payment.exp_yr_requrd": "Expiry Year is required.",
      "buyer.payment.internet_banking": "Internet Banking",
      "buyer.payment.make_payment": "Make Payment",
      "buyer.payment.mm": "MM",
      "buyer.payment.name_on_card": "Name on card",
      "buyer.payment.name_required": "Name on Card is required.",
      "buyer.payment.over_the_couter": "Over The Counter",
      "buyer.payment.processing_msg": "Processing payment request, Do not close the browser, press back or refresh the page.",
      "buyer.payment.redirection_msg": "You will be redirected to selected bank website to complete the payment",
      "buyer.payment.save_to_cards": "Save to My Cards",
      "buyer.payment.select_card": "Please select one saved card.",
      "buyer.payment.yyyy": "YYYY",
      "buyer.product.addtocart": "Add To Cart  ",
      "buyer.product.compare_favorites": "Compare Favorites ",
      "buyer.product.coverage_area": "Coverage Area ",
      "buyer.product.customer_reviews": "Customer Reviews ",
      "buyer.product.discount": "Discount  ",
      "buyer.product.get_free_sample": "GET FREE SAMPLE ",
      "buyer.product.kit": "kit",
      "buyer.product.most_recent": "Most Recent  ",
      "buyer.product.piece": "piece",
      "buyer.product.qa": "Question & Answers  ",
      "buyer.product.qa_search_placeholder": "Have a question? Search for answers ",
      "buyer.product.ready_to_order": "READY TO ORDER? ",
      "buyer.product.recommended_products": "RECOMMENDED PRODUCTS  ",
      "buyer.product.required_accessories": "REQUIRED ACCESSORIES",
      "buyer.product.reviews": "Reviews",
      "buyer.product.share_this": "Share this",
      "buyer.product.sort_by": "Sort By  ",
      "buyer.product.sort_by_price_high_to_low": "Price -- High to Low",
      "buyer.product.sort_by_price_low_to_high": "Price -- Low to High",
      "buyer.product.sort_by_product_rating": "Product Rating",
      "buyer.product.sort_by_relevance": "Relevance",
      "buyer.product.sqft": "sq ft",
      "buyer.product.style": "Style",
      "buyer.product.try_before_buy": "TRY BEFORE YOU BUY ",
      "buyer.product.verified_reviewer": "Verified Reviewer  ",
      "buyer.product.writeReview": "Write a Review ",
      "buyer.product.you_may_also_like": "You may also like  ",
      "buyer.productcarousel.quick_view": "Quick view",
      "buyer.products.items_listed": "items listed",
      "buyer.rating.all_reviews": "See all {0} reviews",
      "buyer.rating.outof_stars": "{0} out of {1} stars",
      "buyer.rating.star": "Star",
      "buyer.search.all": "All",
      "buyer.search.placeholder": "Search Products..",
      "change.language": "change language    ",
      "welcome.message": "Willkommen bei der Demo-Bewerbung"
    },
    "sessionKey": "165D1AF4D62"
  }