{
"totalItems":4,
"page":1,
"limit":20,
"items":[
        {
            "id":"100",
            "name":"Aquatic Ocean",
            "image":"/static/images/product1.jpg",
            "overallRating":{"gte":0,"lte":4.2},
            "ratingDist":[{"score":3,"userCount":10,"rating":3.2},{"score":4,"userCount":40,"rating":2.1}],
            "ratingCount":50,
            "price":15,
            "oldPrice":20,
            "discount":"25% OFF"            
        },
        {
            "id":"110",
            "name":"Ocean light Blue",
            "image":"/static/images/product2.jpg",
            "overallRating":{"gte":0,"lte":3.9},
            "ratingDist":[{"score":2,"userCount":10,"rating":3.2},{"score":4,"userCount":40,"rating":2.1}],
            "ratingCount":50,
            "price":12,
            "oldPrice":24,
            "discount":"50% OFF"
        },
        {
            "id":"120",
            "name":"Aquatic Ocean Blue",
            "image":"/static/images/product3.jpg",
            "overallRating":{"gte":0,"lte":4},
            "ratingDist":[{"score":1,"userCount":10,"rating":3.2},{"score":4,"userCount":40,"rating":2.1}],
            "ratingCount":50,
            "price":18            
        },
        {
            "id":"130",
            "name":"Ocean Blue",
            "image":"/static/images/product4.jpg",
            "overallRating":{"gte":0,"lte":4.2},
            "ratingDist":[{"score":3,"userCount":30,"rating":3.2},{"score":4,"userCount":40,"rating":2.1}],
            "ratingCount":50,
            "price":14,
            "oldPrice":20,
            "discount":"30% OFF"            
        }
    ]
}