{
	"skuId":"345",
	"supplierId":1,
	"title": "Aquatic Ocean Blue",
	"categoryName":"Catname",
	"subTitle": "",
	"soldBy": "brand1",
	"styleName":"Lead Gray",
	"size":"15'x1'",
	"imgGallery":[{
		"images": "https://d18178273alp6b.cloudfront.net/production/bdsellerassets/ceramic-porcelain-tile/salerno/images/salerno-ceramic-tile---american-wood-series/10105267-wheat-oak-6x26-room_1000.jpg",
		"thumbnail": "https://d18178273alp6b.cloudfront.net/production/bdsellerassets/ceramic-porcelain-tile/salerno/images/salerno-ceramic-tile---american-wood-series/10105267-wheat-oak-6x26-room_1000.jpg" 
	  },
	  {
		"images": "https://d18178273alp6b.cloudfront.net/production/bdsellerassets/ceramic-porcelain-tile/salerno/images/salerno-ceramic-tile---american-wood-series/20150825-10105267-2.jpg",
		"thumbnail": "https://d18178273alp6b.cloudfront.net/production/bdsellerassets/ceramic-porcelain-tile/salerno/images/salerno-ceramic-tile---american-wood-series/20150825-10105267-2_60.jpg"
	  },
	  {
		"images": "https://d18178273alp6b.cloudfront.net/production/bdsellerassets/ceramic-porcelain-tile/salerno/images/salerno-ceramic-tile---american-wood-series/20150825-10105267-3.jpg",
		"thumbnail": "https://d18178273alp6b.cloudfront.net/production/bdsellerassets/ceramic-porcelain-tile/salerno/images/salerno-ceramic-tile---american-wood-series/20150825-10105267-3_60.jpg"
	  },
	  {
		"images": "https://d18178273alp6b.cloudfront.net/production/bdsellerassets/ceramic-porcelain-tile/salerno/images/salerno-ceramic-tile---american-wood-series/20170524-10105267-1_1000.jpg",
		"thumbnail": "https://d18178273alp6b.cloudfront.net/production/bdsellerassets/ceramic-porcelain-tile/salerno/images/salerno-ceramic-tile---american-wood-series/20170524-10105267-1_1000.jpg" 
	  },
	  {
		"images": "https://d18178273alp6b.cloudfront.net/production/bdsellerassets/ceramic-porcelain-tile/salerno/images/salerno-ceramic-tile---american-wood-series/20170524-10105267-2_1000.jpg",
		"thumbnail": "https://d18178273alp6b.cloudfront.net/production/bdsellerassets/ceramic-porcelain-tile/salerno/images/salerno-ceramic-tile---american-wood-series/20170524-10105267-2_1000.jpg"
	  },
	  {
		"images": "https://d18178273alp6b.cloudfront.net/production/bdsellerassets/ceramic-porcelain-tile/salerno/images/salerno-ceramic-tile---american-wood-series/20170530-10105267-1_1000.jpg",
		"thumbnail": "https://d18178273alp6b.cloudfront.net/production/bdsellerassets/ceramic-porcelain-tile/salerno/images/salerno-ceramic-tile---american-wood-series/20170530-10105267-1_1000.jpg"
	  },
	  {
		"images": "https://d18178273alp6b.cloudfront.net/production/bdsellerassets/ceramic-porcelain-tile/salerno/images/salerno-ceramic-tile---american-wood-series/20170530-10105267-2_1000.jpg",
		"thumbnail": "https://d18178273alp6b.cloudfront.net/production/bdsellerassets/ceramic-porcelain-tile/salerno/images/salerno-ceramic-tile---american-wood-series/20170530-10105267-2_1000.jpg" 
	  },
	  {
		"images": "https://d18178273alp6b.cloudfront.net/production/bdsellerassets/ceramic-porcelain-tile/salerno/images/salerno-ceramic-tile---american-wood-series/20170530-10105267-3_1000.jpg",
		"thumbnail": "https://d18178273alp6b.cloudfront.net/production/bdsellerassets/ceramic-porcelain-tile/salerno/images/salerno-ceramic-tile---american-wood-series/20170530-10105267-3_1000.jpg"
	  },
	  {
		"images": "https://d18178273alp6b.cloudfront.net/production/bdsellerassets/ceramic-porcelain-tile/salerno/images/salerno---sterling-wood/15082166-sterling-wood---oak---6-22x24-22-k6153453ma_1000.jpg",
		"thumbnail": "https://d18178273alp6b.cloudfront.net/production/bdsellerassets/ceramic-porcelain-tile/salerno/images/salerno---sterling-wood/15082166-sterling-wood---oak---6-22x24-22-k6153453ma_60.jpg"
	  }],
	"rating":{"overallRating":{"gte":0,"lte":3.8},
		"ratingDist":[{"score":3,"userCount":10,"rating":3.2},{"score":4,"userCount":40,"rating":2.1}],"ratingCount":50},
	"otherStyles": [{"imgPath":"", "idfier":"", "name":"Lead Gray"}, {"imgPath":"", "idfier":"", "name":""}],
	"variants": [{"imgGallery":[{"images": "https://d18178273alp6b.cloudfront.net/production/bdsellerassets/ceramic-porcelain-tile/salerno/images/salerno-ceramic-tile---american-wood-series/10105267-wheat-oak-6x26-room_1000.jpg"}],"skuId":"100","title":"Lead Gray"}, 
							 {"imgGallery":[{"images": "/static/images/product1.jpg"}],"skuId":"101","title":"Lead Gray"},
							 {"imgGallery":[{"images": "/static/images/product3.jpg"}],"skuId":"103","title":"Lead Gray"},
							 {"imgGallery":[{"images": "/static/images/product2.jpg"}],"skuId":"102","title":"Lead Gray"},
							 {"imgGallery":[{"images": "/static/images/product1.jpg"}],"skuId":"104","title":"Lead Gray"},
							 {"imgGallery":[{"images": "/static/images/product3.jpg"}],"skuId":"105","title":"Lead Gray"},
							 {"imgGallery":[{"images": "/static/images/product2.jpg"}],"skuId":"106","title":"Lead Gray"},
							 {"imgGallery":[{"images": "/static/images/product1.jpg"}],"skuId":"107","title":"Lead Gray"},
							 {"imgGallery":[{"images": "/static/images/product3.jpg"}],"skuId":"108","title":"Lead Gray"},
							 {"imgGallery":[{"images": "/static/images/product2.jpg"}],"skuId":"109","title":"Lead Gray"}],
	"price":{
		"actualRate": 50,
		"offer":{"percentage":10},
		"offerSubtitle":"(Minimum order quantity 1 box)",
		"price": 5,
		"unit": "box",
		"minQuantity": 10,
		"bulkQuantity": 20,
		"bulkPrice": 4,
		"offerQuantity": 10,
		"offerTitle": "20% OFF",
		"offerPrice": 4
	},
	"coverage":{
		"placeHolder":"1 lineal ft",
		"minimumCoverage":5,
		"measure":"lineal ft",
		"showCalculate": true ,
		"qty":"",
		"qtyType":"box"
	},
	"hasFreeSample": true ,
	"otherDetails":[
	  {
		"itemType": "checkbox",
		"type": "installation",
		"title": "Avail Professional Services",
		"items": [
		  {
			"field": "isInstalationRequired",
			"label": "Installation ($2 per sq.ft)",
			"value": true
		  }
		]
	  },
	  {
		"itemType": "label",
		"type": "discount",
		"title": "Buy More & Save!",
		"items": [
		  "20.0% discount on orders of 20.0+ boxes"
		]
	  }
	],
	"tabs":[
		{"name": "OVERVIEW", "type":"overview", "data": [ 
			{	"title":"Design Elements", 
				"subTitle":"Aquatic Ocean Blue 1 X 1 Square Glass Tile", 
				"desc":"descDesign Elements Et et consectetur ipsum labore excepteur est proident excepteur ad velit occaecat qui minim occaecat veniam. Fugiat veniam incididunt anim aliqua enim pariatur veniam sunt est aute sit dolor anim.",
				"otherInfo": [
						{	"title":"Specifications", 
						"properties":[
							{	"label":"Style", "value":"Scabos Standard"},
							{	"label":"Finish ", "value":"Brushed" },
							{	"label":"Colour", "value":"Beige/Tan, Gold" } ,
							{	"label":"Style2", "value":"Scabos Standard"},
							{	"label":"Finish2 ", "value":"Brushed" },
							{	"label":"Colour2", "value":"Beige/Tan, Gold" } 
							]
					} 				
				]
			}
			]}, 
		{"name": "REVIEW", "type":"review" }, 
		{"name": "Q&A", "type":"questionAnswers" }, 
		{"name": "INSTALLATION", "type":"installation", "data": [
				{"title":"Glass Tile Characteristics", "desc":"desc1"},
				{"title":"Glass Installation Instructions", "desc":"desc2"}
			]
		} 
	]
} 

