
{
	"totalItems":50,
	"itemsPerPage":10,
	"currentpage":4,
	"qaList":[
		{"qn":"qui minim occaecat veniam", 
			"answers":[{"value":"Et et consectetur ipsum labore.", "by":"by Arnold on June 01, 2008"}]},
		{"qn":"qui minim occaecat veniam 2", "answers":[{"value":"Et et consectetur ipsum labore2.", "by":"by Arnold on June 02, 2009"}]},
		{"qn":"qui minim occaecat veniam 3", "answers":[
			{"value":"Et et consectetur ipsum labore3.", "by":"by Arnold on June 03, 2010"},
			{"value":"Et et consectetur ipsum labore22.", "by":"by Arnold on June 22, 2008"}]}
		]
}
