
{
	 
	"items":[
		{	"skuId":101,
			"categoryId":"CAT1",
			"price":10,
			"actualRate":15,
			"offer":{"percentage":10},
			"unit":"piece",
			"name":"Adriatic Mist Polished Glass Pencil Liner", 
			"imgPath": "https://d18178273alp6b.cloudfront.net/production/sellerportalassets/185060/product/ac2002a_59c9492c42acf_59c9492fe8583_250.jpeg",
			"flags":{"enableCompare":true, "showSecondaryTitle":true}},
		{	"skuId":102,
			"categoryId":"CAT2",
			"price":20,
			"actualRate":25,
			"offer":{"percentage":10},
			"unit":"piece",
			"name":"Laminate COASTAL Collection / 8mm - Natural Eucalyptus / 8 / AC3", 
			"imgPath": "https://d18178273alp6b.cloudfront.net/production/sellerportalassets/185060/product/ac2001a_59c94916085f0_59c9491b22082_250.jpeg",
			"flags":{"enableCompare":true, "showSecondaryTitle":true}},
		{	"skuId":103,
			"price":30,
			"actualRate":35,
			"offer":{"percentage":10},
			"unit":"piece",
			"name":"Laminate COASTAL Collection / 8mm - Coastal Blackbutt / 8 / AC3", 
			"imgPath": "https://d18178273alp6b.cloudfront.net/production/bdsellerassets/laminate-flooring/bellami/bellami-flooring---12mm-rustica-reclaimed-collection/berlin_closeup_3_5874275b54dfb_vert_250.jpg"},
		{	"skuId":104,
			"price":40,
			"actualRate":45,
			"offer":{"percentage":10},
			"unit":"piece",
			"name":"Laminate - 12mm Mixed Width Collection - Expresso Maple", 
			"imgPath": "https://d18178273alp6b.cloudfront.net/production/bdsellerassets/laminate-flooring/lamton/images/lamton-laminate---12mm-national-parks-wide-board-collection/sku_22419_vert.jpg"},
		{	"price":50,
			"unit":"piece",
			"name":"Laminate - 12mm Handscraped Hickory Collection - Woodland Hickory", 
			"imgPath": "https://d18178273alp6b.cloudfront.net/production/bdsellerassets/laminate-flooring/bellami/bellami-flooring---12mm-craftsman-distressed-collection/tailor_multi_gb_5874277bb8d3c_vert_250.jpg"},
		{	"price":60,
			"unit":"piece",
			"name":"Adriatic Mist Polished Glass Pencil Liner", 
			"imgPath": "https://d18178273alp6b.cloudfront.net/production/sellerportalassets/185060/product/img_2402_59c00ed2d5354_59c00ed630426_250.jpeg"},
		{	"price":70,
			"unit":"piece",
			"name":"Laminate - 12mm Handscraped Hickory Collection - Woodland Hickory", 
			"imgPath": "https://d18178273alp6b.cloudfront.net/production/sellerportalassets/185060/product/img_2431_59c00eea29d4a_59c00eed9bc56_250.jpeg"},
		{	"price":80,
			"unit":"piece",
			"name":"Laminate - 12mm Mixed Width Collection - Expresso Maple", 
			"imgPath": "https://d18178273alp6b.cloudfront.net/production/sellerportalassets/185060/product/hk3003a_59c94981a1345_59c9498491e14_250.jpeg"},
		{	"price":90,
			"unit":"piece",
			"name":"Laminate COASTAL Collection / 8mm - Coastal Blackbutt / 8 / AC3", 
			"imgPath": "https://d18178273alp6b.cloudfront.net/production/sellerportalassets/69775/product/4017_5b1592ce9149c_5b1592cf81c4c_250.jpeg"},
		{	"price":100,
			"unit":"piece",
			"name":"Laminate COASTAL Collection / 8mm - Natural Eucalyptus / 8 / AC3", 
			"imgPath": "https://d18178273alp6b.cloudfront.net/production/sellerportalassets/69775/product/4016_5b1592c91a32f_5b1592ca1bb86_250.jpeg"},
		{	"price":110,
			"unit":"piece",
			"name":"12mm Rustic Wide Plank Collection - Hawk", 
			"imgPath": "https://d18178273alp6b.cloudfront.net/production/sellerportalassets/330501/product/15239626_hawk_comp_5a8de923af3b5_5a8de9254db83_250.jpeg"} 
			
		]
}
