
{
	"totalItems":50,
	"itemsPerPage":10,
	"currentpage":4,
	"items":[
		{	"price":649.00,
			"unit":"kit",
			"offer":{"percentage":10},
			"name":"Underfloor Heating - Electric Radiant Heating", 
			"imgPath": "https://d18178273alp6b.cloudfront.net/production/sellerportalassets/69608/product/everwarmkit_120_240v_57ebe6c5cbb23_250.jpg"},
		{	"price":9.8,
			"unit":"piece",
			"name":"Environmentally Friendly Adhesives", 
			"imgPath": "https://d18178273alp6b.cloudfront.net/production/bdsellerassets/adhesives/dritac/images/dritac-environmentally-friendly-adhesives/sku_19680_comp_250.jpg"},
		{	"price":649,
			"unit":"kit",
			"name":"Underfloor Heating - Electric Radiant Heating", 
			"imgPath": "https://d18178273alp6b.cloudfront.net/production/sellerportalassets/69608/product/everwarmkit_80_120v_57ebe4d820926_250.jpg"},
		{	"price":40,
			"unit":"kit",
			"name":"FloorMuffler Underlayment", 
			"imgPath": "https://d18178273alp6b.cloudfront.net/production/bdsellerassets/underlay/floormat/images/floormat-underlayment/10094758-floormat-fanfold-sup-close_250.jpg"},
		{	"price":50,
			"unit":"kit",
			"name":"Laminate - 12mm Handscraped Hickory Collection - Woodland Hickory", 
			"imgPath": "https://d18178273alp6b.cloudfront.net/production/bdsellerassets/underlay/floormuffler/images/floormuffler-underlayment/10109597-floormuffler-underlay-sup-multi_250.jpg"},
		{	"price":0.59,
			"unit":"sqft",
			"name":"Underlayment", 
			"imgPath": "https://d18178273alp6b.cloudfront.net/production/sellerportalassets/70472/product/sound_choice_primary_5b06ed7a0c048_250.jpg"},
			{	"price":649.00,
				"unit":"kit",
				"name":"Underfloor Heating - Electric Radiant Heating", 
				"imgPath": "https://d18178273alp6b.cloudfront.net/production/sellerportalassets/69608/product/everwarmkit_120_240v_57ebe6c5cbb23_250.jpg"},
			{	"price":9.8,
				"unit":"piece",
				"name":"Environmentally Friendly Adhesives", 
				"imgPath": "https://d18178273alp6b.cloudfront.net/production/bdsellerassets/adhesives/dritac/images/dritac-environmentally-friendly-adhesives/sku_19680_comp_250.jpg"},
			{	"price":649,
				"unit":"kit",
				"name":"Underfloor Heating - Electric Radiant Heating", 
				"imgPath": "https://d18178273alp6b.cloudfront.net/production/sellerportalassets/69608/product/everwarmkit_80_120v_57ebe4d820926_250.jpg"},
			{	"price":40,
				"unit":"kit",
				"name":"FloorMuffler Underlayment", 
				"imgPath": "https://d18178273alp6b.cloudfront.net/production/bdsellerassets/underlay/floormat/images/floormat-underlayment/10094758-floormat-fanfold-sup-close_250.jpg"},
			{	"price":50,
				"unit":"kit",
				"name":"Laminate - 12mm Handscraped Hickory Collection - Woodland Hickory", 
				"imgPath": "https://d18178273alp6b.cloudfront.net/production/bdsellerassets/underlay/floormuffler/images/floormuffler-underlayment/10109597-floormuffler-underlay-sup-multi_250.jpg"},
			{	"price":0.59,
				"unit":"sqft",
				"name":"Underlayment", 
				"imgPath": "https://d18178273alp6b.cloudfront.net/production/sellerportalassets/70472/product/sound_choice_primary_5b06ed7a0c048_250.jpg"} 
			
		]
}
