{	
	"rating": {
		"value": 4.5 ,
		"maxValue": 5,
		"totalReviews":30,
		"splitRatings": [{"label":"5 Star", "count": 10}, {"label":"4 Star", "count": 10},
			{"label":"3 Star", "count": 10} , {"label":"2 Star", "count": 10} , {"label":"1 Star", "count": 10} ]
	},
	"totalItems":50,
	"itemsPerPage":10,
	"currentpage":4,
	"title":"CUSTOMER REVIEWS",
	"sortData":[{"label":"", "id":"most_recent"}, 
		{"label":"", "id":"discount"}, 
		{"label":"", "id":"style"}],
	"reviews":[ 
		{"value": 4, 
		"title": "Beautiful color blend", 
		"subtitle":"by Arnold on June 01, 2008", 
		"isVerifiedViewer": true, 
		"desc":"Et et consectetur ipsum labore excepteur est proident excepteur ad velit occaecat qui minim occaecat veniam."},
		{"value": 3, 
		"title": "2 Beautiful color blend2", 
		"subtitle":"2 by Arnold on June 01, 2008", 
		"isVerifiedViewer": false, 
		"desc":"2Et et consectetur ipsum labore excepteur est proident excepteur ad velit occaecat qui minim occaecat veniam2."}, 
		{"value": 0, 
			"title": "Worst product", 
			"subtitle":"by Syam on June 01, 2018", 
			"isVerifiedViewer": true, 
			"desc":"Worst product desc "} ,
		{"value": 1, 
		"title": "3 Beautiful color blend3", 
		"subtitle":"3 by Arnold on June 01, 2008", 
		"isVerifiedViewer": false, 
		"desc":"3Et et consectetur ipsum labore excepteur est proident excepteur ad velit occaecat qui minim occaecat veniam3."} 
		
		  
	]
}