{
    "apis":
    {
        "baseurl":"",
        "portalSettings":"/portal-settings",
        "portalNavMenus":"/nav-menus",
        "products":"/search",
        "filters":"/filters",
        "productDetails":"/product-details",
        "review":"/data/review.json",
        "recommendedProducts":"/data/recommendedProducts.json",
        "requiredAccessories":"/data/requiredAccessories.json",
        "youmayalsolike":"/data/recommendedProducts.json",
        "questionAnswers":"/data/questionAnswers.json",
        "compare":"/data/compare.json",
        "shareProduct":"/share-product",
        "trackBA":"/track-ba",
        "cartList":"/carts",
        "updateCart":"/carts",
        "deleteCart":"/carts",
        "clearCarts":"/clear-carts",
        "mergeCarts":"/merge-carts",
        "cartProducts":"/cart-products",
        "cardPayment":"/cardpayment",
        "ibPayment":"/ibpayment",
        "ibanks":"/ibanks",
        "otcbanks":"/otcbanks",
        "counterPayment":"/otcpayment",
        "savedCards":"/savedcards/:userId",
        "userSignup":"/usr/signup",
        "userSignin":"/auth/plogin",
        "userExist":"/usr/getUserByMail",
        "currentUserdata":"/usr/getCurrentUserdata",
        "guestLogin":"/auth/guestlogin",
        "addressList":"/address",
        "updateAddress":"/address",
        "deleteAddress":"/address",
        "setAsDefaultAddress":"/address-set-as-default",
        "updateOrder":"/orders",
        "params":{"orgIdfier":"scg"}
    }
    
}
